No,Formula,Spacegroup,Total_Atoms,RF_Predicted_Energy,GNN_Predicted_Energy,CHGNet_Total_Energy,Web_App_Structure_Data
1,SrSb,"[Tetragonal] 점군: 4/mmm, 공간군: P4/mmm (No.123)",2,-0.3768,-0.7934,-3.9174,"[{'data': {'a': [4.277029929261049e-10, 0.0, 2.6189255063634874e-26], 'b': [-2.6189255063634874e-26, 4.277029929261049e-10, 2.6189255063634874e-26], 'c': [0.0, 0.0, 3.5536517330563797e-10], 'atoms': [{'x': 2.1385149646305245e-10, 'y': 2.1385149646305245e-10, 'z': 1.7768258665281899e-10, 'element': 'Sr'}, {'x': 0.0, 'y': 0.0, 'z': 0.0, 'element': 'Sb'}]}, 'natoms': 2, 'element': {'Sr': 1, 'Sb': 1}}]"
2,Ca3Sb2,"[Trigonal] 점군: -3m, 공간군: P-3m1 (No.164)",5,-0.3207,-0.807,-3.955,"[{'data': {'a': [2.6780814552975463e-10, -4.6385731473833493e-10, 0.0], 'b': [2.6780814552975463e-10, 4.6385731473833493e-10, 0.0], 'c': [0.0, 0.0, 6.605414643625446e-10], 'atoms': [{'x': 2.6780814552975463e-10, 'y': 1.5461910491277827e-10, 'z': 4.607733815039317e-10, 'element': 'Ca'}, {'x': 0.0, 'y': 0.0, 'z': 0.0, 'element': 'Ca'}, {'x': 2.678081455297547e-10, 'y': -1.5461910491277833e-10, 'z': 1.9976808285861285e-10, 'element': 'Ca'}, {'x': 2.6780814552975463e-10, 'y': -1.546191049127783e-10, 'z': 5.188524972113245e-10, 'element': 'Sb'}, {'x': 2.678081455297547e-10, 'y': 1.5461910491277833e-10, 'z': 1.416889671512201e-10, 'element': 'Sb'}]}, 'natoms': 5, 'element': {'Ca': 3, 'Sb': 2}}]"
3,KSb,"[Orthorhombic] 점군: mmm, 공간군: Pmmm (No.47)",2,-0.2295,-0.427,-3.0259,"[{'data': {'a': [3.0513181291051094e-10, 0.0, 1.8683934899944313e-26], 'b': [-2.5450202253700262e-26, 4.156333445924112e-10, 2.5450202253700262e-26], 'c': [0.0, 0.0, 5.287394356149466e-10], 'atoms': [{'x': 1.5256590645525547e-10, 'y': 0.0, 'z': 2.643697178074733e-10, 'element': 'K'}, {'x': -1.2725101126850131e-26, 'y': 2.078166722962056e-10, 'z': 1.2725101126850131e-26, 'element': 'Sb'}]}, 'natoms': 2, 'element': {'K': 1, 'Sb': 1}}]"
4,SrAs,"[Monoclinic] 점군: 2/m, 공간군: C2/m (No.12)",8,-0.2542,-1.2501,-4.2089,"[{'data': {'a': [0.0, 1.1470268787040558e-09, 0.0], 'b': [4.212870788390134e-10, 0.0, 0.0], 'c': [0.0, -4.36213250858113e-11, -4.92287795709741e-10], 'atoms': [{'x': 2.106435394195067e-10, 'y': 7.148080089315385e-10, 'z': -1.1545476129309493e-10, 'element': 'Sr'}, {'x': 0.0, 'y': 9.621109840387339e-10, 'z': -3.7683303441664603e-10, 'element': 'Sr'}, {'x': 0.0, 'y': 1.4129456957951067e-10, 'z': -1.1545476129309493e-10, 'element': 'Sr'}, {'x': 2.106435394195067e-10, 'y': 3.8859754468670597e-10, 'z': -3.7683303441664603e-10, 'element': 'Sr'}, {'x': 0.0, 'y': 6.40994832596906e-10, 'z': -3.40500963722669e-10, 'element': 'As'}, {'x': 2.106435394195067e-10, 'y': 1.0359241603733664e-09, 'z': -1.5178683198707197e-10, 'element': 'As'}, {'x': 2.106435394195067e-10, 'y': 6.748139324487814e-11, 'z': -3.40500963722669e-10, 'element': 'As'}, {'x': 0.0, 'y': 4.6241072102133847e-10, 'z': -1.5178683198707197e-10, 'element': 'As'}]}, 'natoms': 8, 'element': {'Sr': 4, 'As': 4}}]"
5,KBr,"[Hexagonal] 점군: mm2, 공간군: P-6m2 (No.187)",2,-1.2484,-1.9928,-3.3726,"[{'data': {'a': [2.283333896148271e-10, -3.9548503187730034e-10, 0.0], 'b': [2.283333896148271e-10, 3.9548503187730034e-10, 0.0], 'c': [0.0, 0.0, 4.135880645583202e-10], 'atoms': [{'x': 2.283333896148271e-10, 'y': 1.3182834395910013e-10, 'z': 0.0, 'element': 'K'}, {'x': 0.0, 'y': 0.0, 'z': 2.067940322791601e-10, 'element': 'Br'}]}, 'natoms': 2, 'element': {'K': 1, 'Br': 1}}]"
6,RbSb,"[Orthorhombic] 점군: mm2, 공간군: Pmm2 (No.25)",2,-0.3873,-0.6453,-2.9173,"[{'data': {'a': [3.1340015785628654e-10, 0.0, 1.9190225008548828e-26], 'b': [-2.5538187003825618e-26, 4.1707024460613944e-10, 2.5538187003825618e-26], 'c': [0.0, 0.0, 5.551324771932846e-10], 'atoms': [{'x': 2.7819287711001587e-10, 'y': 0.0, 'z': 2.775662385966423e-10, 'element': 'Rb'}, {'x': 1.1135987702380315e-10, 'y': 2.0853512230306972e-10, 'z': 1.958791934944498e-26, 'element': 'Sb'}]}, 'natoms': 2, 'element': {'Rb': 1, 'Sb': 1}}]"
7,SbPd,"[Monoclinic] 점군: m, 공간군: Cc (No.9)",8,-0.2179,-0.4278,-5.1562,"[{'data': {'a': [0.0, 4.322882826231067e-10, 0.0], 'b': [9.87902356304732e-10, 0.0, 0.0], 'c': [0.0, -1.424504091537335e-10, -4.0980771922478787e-10], 'atoms': [{'x': 8.409718841724874e-10, 'y': 1.4786261689651342e-10, 'z': -9.931348769115013e-11, 'element': 'Sb'}, {'x': 6.408816502846105e-10, 'y': 2.9278155363120003e-10, 'z': -3.042173473035441e-10, 'element': 'Sb'}, {'x': 3.470207060201214e-10, 'y': 3.640067582080668e-10, 'z': -9.931348769115013e-11, 'element': 'Sb'}, {'x': 1.4693047213224456e-10, 'y': 7.663741231964667e-11, 'z': -3.042173473035441e-10, 'element': 'Sb'}, {'x': 5.840509930164514e-10, 'y': 2.2191324296758652e-10, 'z': -4.452569496212515e-11, 'element': 'Pd'}, {'x': 8.978025414406464e-10, 'y': -6.545610292083359e-11, 'z': -2.4942955457451915e-10, 'element': 'Pd'}, {'x': 9.009981486408548e-11, 'y': 5.76910165603316e-12, 'z': -4.452569496212515e-11, 'element': 'Pd'}, {'x': 4.038513632882805e-10, 'y': 1.5068803839071979e-10, 'z': -2.4942955457451915e-10, 'element': 'Pd'}]}, 'natoms': 8, 'element': {'Sb': 4, 'Pd': 4}}]"
8,NaAs,"[Orthorhombic] 점군: mm2, 공간군: Imm2 (No.44)",8,-0.2001,-0.5533,-3.3944,"[{'data': {'a': [3.9715006623748856e-10, 0.0, 2.4318427869944984e-26], 'b': [-3.474537778379181e-26, 5.674350810043009e-10, 3.474537778379181e-26], 'c': [0.0, 0.0, 8.861881897562136e-10], 'atoms': [{'x': -1.2691036444968137e-26, 'y': 2.0726035382290032e-10, 'z': 7.051727193616264e-10, 'element': 'Na'}, {'x': -1.2691036444968137e-26, 'y': 2.0726035382290032e-10, 'z': 1.8101547039458704e-10, 'element': 'Na'}, {'x': 1.9857503311874428e-10, 'y': 4.909778943250507e-10, 'z': 2.6207862448351976e-10, 'element': 'Na'}, {'x': 1.9857503311874428e-10, 'y': 4.909778943250507e-10, 'z': 6.241095652726938e-10, 'element': 'Na'}, {'x': -3.088116410048248e-26, 'y': 5.043276824302835e-10, 'z': 3.088116410048248e-26, 'element': 'As'}, {'x': 1.9857503311874428e-10, 'y': 3.5198944933412304e-10, 'z': 3.371235155800615e-26, 'element': 'As'}, {'x': 1.9857503311874428e-10, 'y': 2.2061014192813304e-10, 'z': 4.430940948781068e-10, 'element': 'As'}, {'x': -4.180448731137756e-27, 'y': 6.827190883197256e-11, 'z': 4.430940948781068e-10, 'element': 'As'}]}, 'natoms': 8, 'element': {'Na': 4, 'As': 4}}]"
9,KBr,"[Hexagonal] 점군: mm2, 공간군: P-6m2 (No.187)",2,-1.3312,-1.9895,-3.3725,"[{'data': {'a': [2.2839061832687974e-10, -3.9558415491422726e-10, 0.0], 'b': [2.2839061832687974e-10, 3.9558415491422726e-10, 0.0], 'c': [0.0, 0.0, 4.143121459817535e-10], 'atoms': [{'x': 2.2839061832687974e-10, 'y': 1.3186138497140909e-10, 'z': 2.0715607299087675e-10, 'element': 'K'}, {'x': 0.0, 'y': 0.0, 'z': 0.0, 'element': 'Br'}]}, 'natoms': 2, 'element': {'K': 1, 'Br': 1}}]"
10,SrSb2,"[Monoclinic] 점군: 2/m, 공간군: C2/m (No.12)",6,-0.3399,-0.8422,-4.1367,"[{'data': {'a': [0.0, 9.843637518120403e-10, 0.0], 'b': [4.4590197210910503e-10, 0.0, 0.0], 'c': [0.0, -9.103277012965171e-11, -4.3665903862037155e-10], 'atoms': [{'x': 0.0, 'y': 4.4666549084119433e-10, 'z': -2.1832951931018577e-10, 'element': 'Sr'}, {'x': 2.2295098605455251e-10, 'y': -4.5516385064825856e-11, 'z': -2.1832951931018577e-10, 'element': 'Sr'}, {'x': 0.0, 'y': 1.4852014417894303e-10, 'z': -3.668790855520135e-11, 'element': 'Sb'}, {'x': 2.2295098605455251e-10, 'y': 2.526289615974254e-10, 'z': -3.9997113006517023e-10, 'element': 'Sb'}, {'x': 2.2295098605455251e-10, 'y': 6.407020200849631e-10, 'z': -3.668790855520135e-11, 'element': 'Sb'}, {'x': 0.0, 'y': 7.448108375034456e-10, 'z': -3.9997113006517023e-10, 'element': 'Sb'}]}, 'natoms': 6, 'element': {'Sr': 2, 'Sb': 4}}]"
11,KSb,"[Orthorhombic] 점군: mmm, 공간군: Pmmm (No.47)",2,-0.2267,-0.4335,-3.0259,"[{'data': {'a': [3.0526062975903666e-10, 0.0, 1.8691822657005475e-26], 'b': [-2.5348543497518282e-26, 4.1397313111285514e-10, 2.5348543497518282e-26], 'c': [0.0, 0.0, 5.295105696349799e-10], 'atoms': [{'x': 0.0, 'y': 0.0, 'z': 2.6475528481748995e-10, 'element': 'K'}, {'x': 1.526303148795183e-10, 'y': 2.0698656555642757e-10, 'z': 2.2020183077261879e-26, 'element': 'Sb'}]}, 'natoms': 2, 'element': {'K': 1, 'Sb': 1}}]"
12,NbAs2,"[Triclinic] 점군: -1, 공간군: P-1 (No.2)",6,-0.065,-0.3273,-6.845,"[{'data': {'a': [4.740640834501759e-10, 0.0, 0.0], 'b': [-1.1315560078473869e-10, 5.031752180548447e-10, 0.0], 'c': [-5.811470939061215e-11, -1.660643853942797e-10, 4.978015697230914e-10], 'atoms': [{'x': 2.7441167027956237e-10, 'y': 2.721730895081017e-10, 'z': 2.1206164514298448e-10, 'element': 'Nb'}, {'x': 2.8382102995262732e-11, 'y': 6.493774315246334e-11, 'z': 2.8573992458010695e-10, 'element': 'Nb'}, {'x': 2.6504601890199894e-10, 'y': 1.428335484238295e-10, 'z': 4.42545302090834e-10, 'element': 'As'}, {'x': 2.6892053830526674e-10, 'y': 6.305112342820386e-12, 'z': 1.7727601269788102e-10, 'element': 'As'}, {'x': 3.7747754372826194e-11, 'y': 1.9427728423673553e-10, 'z': 5.52562676322574e-11, 'element': 'As'}, {'x': 3.387323496955839e-11, 'y': 3.308057203177446e-10, 'z': 3.205255570252104e-10, 'element': 'As'}]}, 'natoms': 6, 'element': {'Nb': 2, 'As': 4}}]"
13,YbSb,"[Orthorhombic] 점군: mmm, 공간군: Pmmm (No.47)",2,-0.4518,-1.4107,-3.2085,"[{'data': {'a': [3.6414235135167e-10, 0.0, 2.2297288250840676e-26], 'b': [-2.966318807019155e-26, 4.844366243531475e-10, 2.966318807019155e-26], 'c': [0.0, 0.0, 5.092341043930688e-10], 'atoms': [{'x': 1.82071175675835e-10, 'y': 2.4221831217657377e-10, 'z': 2.5980238160516113e-26, 'element': 'Yb'}, {'x': -1.4831594035095774e-26, 'y': 2.4221831217657377e-10, 'z': 2.546170521965344e-10, 'element': 'Sb'}]}, 'natoms': 2, 'element': {'Yb': 1, 'Sb': 1}}]"
14,KSb,"[Orthorhombic] 점군: mmm, 공간군: Cmcm (No.63)",8,-0.2289,-0.4812,-3.1173,"[{'data': {'a': [4.817049475042582e-10, 0.0, 2.949592110472668e-26], 'b': [-8.732042114376508e-26, 1.4260506981206492e-09, 8.732042114376508e-26], 'c': [0.0, 0.0, 4.956611295414986e-10], 'atoms': [{'x': 2.40852473752129e-10, 'y': 1.2134644012866141e-09, 'z': 3.717458471561241e-10, 'element': 'K'}, {'x': 2.408524737521291e-10, 'y': 2.125862968340352e-10, 'z': 1.2391528238537469e-10, 'element': 'K'}, {'x': -3.0643054173863024e-26, 'y': 5.004390522262894e-10, 'z': 3.71745847156124e-10, 'element': 'K'}, {'x': -5.667736696990206e-26, 'y': 9.256116458943598e-10, 'z': 1.2391528238537474e-10, 'element': 'K'}, {'x': -4.217206820998669e-27, 'y': 6.887221399565742e-11, 'z': 3.71745847156124e-10, 'element': 'Sb'}, {'x': -8.310321432276641e-26, 'y': 1.3571784841249918e-09, 'z': 1.2391528238537474e-10, 'element': 'Sb'}, {'x': 2.4085247375212904e-10, 'y': 7.818975630559821e-10, 'z': 3.7174584715612406e-10, 'element': 'Sb'}, {'x': 2.4085247375212904e-10, 'y': 6.441531350646672e-10, 'z': 1.239152823853747e-10, 'element': 'Sb'}]}, 'natoms': 8, 'element': {'K': 4, 'Sb': 4}}]"
15,NbAs2,"[Triclinic] 점군: -1, 공간군: P-1 (No.2)",6,-0.0785,-0.3314,-6.8427,"[{'data': {'a': [4.709255136176388e-10, 0.0, 0.0], 'b': [-1.754432544153801e-11, 5.185657950037099e-10, 0.0], 'c': [-1.0909576234517089e-10, -1.5174740196823467e-10, 4.892923137907423e-10], 'atoms': [{'x': 2.432946381002048e-10, 'y': -9.253208486923502e-11, 'z': 3.984730573601187e-10, 'element': 'Nb'}, {'x': 1.0099078773072512e-10, 'y': 4.593504779047102e-10, 'z': 9.08192564306237e-11, 'element': 'Nb'}, {'x': 2.2696415866603647e-10, 'y': 1.683114481037556e-10, 'z': 4.689133846175801e-10, 'element': 'As'}, {'x': 3.5259914370825523e-10, 'y': 1.7663948838097592e-11, 'z': 1.7877315341101087e-10, 'element': 'As'}, {'x': 1.1732126716489344e-10, 'y': 1.9850694493171958e-10, 'z': 2.0378929173162365e-11, 'element': 'As'}, {'x': -8.313717877325292e-12, 'y': 3.4915444419737763e-10, 'z': 3.1051916037973154e-10, 'element': 'As'}]}, 'natoms': 6, 'element': {'Nb': 2, 'As': 4}}]"
16,SrSb,"[Tetragonal] 점군: 4/mmm, 공간군: P4/mmm (No.123)",2,-0.3852,-0.7934,-3.9174,"[{'data': {'a': [4.278854788485923e-10, 0.0, 2.620042910367805e-26], 'b': [-2.620042910367805e-26, 4.278854788485923e-10, 2.620042910367805e-26], 'c': [0.0, 0.0, 3.5519091320111753e-10], 'atoms': [{'x': 2.1394273942429614e-10, 'y': 2.1394273942429614e-10, 'z': 1.775954566005588e-10, 'element': 'Sr'}, {'x': 0.0, 'y': 0.0, 'z': 0.0, 'element': 'Sb'}]}, 'natoms': 2, 'element': {'Sr': 1, 'Sb': 1}}]"
17,CaSb,"[Monoclinic] 점군: 2/m, 공간군: C2/m (No.12)",8,-0.3516,-0.969,-4.104,"[{'data': {'a': [0.0, 1.161694742449372e-09, 0.0], 'b': [4.361943014514262e-10, 0.0, 0.0], 'c': [0.0, -2.5402299308683303e-11, -4.774115290311004e-10], 'atoms': [{'x': 2.180971507257131e-10, 'y': 1.005622636853973e-09, 'z': -1.2077609490616745e-10, 'element': 'Ca'}, {'x': 2.180971507257131e-10, 'y': 1.306698062867157e-10, 'z': -3.566354341249329e-10, 'element': 'Ca'}, {'x': 0.0, 'y': 4.24775265629287e-10, 'z': -1.2077609490616745e-10, 'element': 'Ca'}, {'x': 0.0, 'y': 7.115171775114017e-10, 'z': -3.566354341249329e-10, 'element': 'Ca'}, {'x': 0.0, 'y': 1.0124871773420613e-10, 'z': -1.1475995829568495e-10, 'element': 'Sb'}, {'x': 0.0, 'y': 1.0350437254064825e-09, 'z': -3.626515707354154e-10, 'element': 'Sb'}, {'x': 2.180971507257131e-10, 'y': 6.820960889588921e-10, 'z': -1.1475995829568495e-10, 'element': 'Sb'}, {'x': 2.180971507257131e-10, 'y': 4.5419635418179656e-10, 'z': -3.626515707354154e-10, 'element': 'Sb'}]}, 'natoms': 8, 'element': {'Ca': 4, 'Sb': 4}}]"
18,SrAs2,"[Orthorhombic] 점군: mmm, 공간군: Cmmm (No.65)",6,-0.2572,-0.7505,-4.4244,"[{'data': {'a': [4.119886622943064e-10, 0.0, 2.522702982818611e-26], 'b': [-5.727784174046352e-26, 9.354181430979542e-10, 5.727784174046352e-26], 'c': [0.0, 0.0, 4.1802967622383455e-10], 'atoms': [{'x': 2.059943311471532e-10, 'y': 0.0, 'z': 2.0901483811191728e-10, 'element': 'Sr'}, {'x': -2.863892087023176e-26, 'y': 4.677090715489771e-10, 'z': 2.0901483811191733e-10, 'element': 'Sr'}, {'x': -4.7642863173506206e-26, 'y': 7.780670019580671e-10, 'z': 4.7642863173506206e-26, 'element': 'As'}, {'x': 2.0599433114715319e-10, 'y': 6.250602126888642e-10, 'z': 5.0887414351282127e-26, 'element': 'As'}, {'x': 2.059943311471532e-10, 'y': 3.1035793040909006e-10, 'z': 3.1617457217367513e-26, 'element': 'As'}, {'x': -9.634978566957303e-27, 'y': 1.5735114113988703e-10, 'z': 9.634978566957303e-27, 'element': 'As'}]}, 'natoms': 6, 'element': {'Sr': 2, 'As': 4}}]"
19,Na3Sb,"[Trigonal] 점군: -3m, 공간군: P-3m1 (No.164)",4,-0.1779,-0.596,-2.4017,"[{'data': {'a': [2.625634637477453e-10, -4.547732594223638e-10, 0.0], 'b': [2.625634637477453e-10, 4.547732594223638e-10, 0.0], 'c': [0.0, 0.0, 6.273478539376136e-10], 'atoms': [{'x': 2.625634637477453e-10, 'y': 1.5159108647412125e-10, 'z': 5.344180659948416e-10, 'element': 'Na'}, {'x': 0.0, 'y': 0.0, 'z': 3.136739269688068e-10, 'element': 'Na'}, {'x': 2.6256346374774533e-10, 'y': -1.515910864741213e-10, 'z': 9.292978794277204e-11, 'element': 'Na'}, {'x': 0.0, 'y': 0.0, 'z': 0.0, 'element': 'Sb'}]}, 'natoms': 4, 'element': {'Na': 3, 'Sb': 1}}]"
20,InBr3,"[Monoclinic] 점군: m, 공간군: Cm (No.8)",8,-0.3713,-0.7862,-3.1207,"[{'data': {'a': [0.0, 7.094398979184141e-10, 0.0], 'b': [1.6796446386660687e-09, 0.0, 0.0], 'c': [0.0, -2.304535095814798e-10, -3.3743067074347565e-10], 'atoms': [{'x': 8.398223193330343e-10, 'y': -1.640337293786188e-11, 'z': -2.454992515636068e-10, 'element': 'In'}, {'x': 0.0, 'y': 3.383165760213452e-10, 'z': -2.454992515636068e-10, 'element': 'In'}, {'x': 8.398223193330343e-10, 'y': 4.3361843646807845e-10, 'z': -3.1680696594475176e-10, 'element': 'Br'}, {'x': 6.197428257416958e-10, 'y': 7.183519397776924e-11, 'z': -3.2036727958415514e-10, 'element': 'Br'}, {'x': 2.2007949359133861e-10, 'y': 4.265551429369763e-10, 'z': -3.2036727958415514e-10, 'element': 'Br'}, {'x': 0.0, 'y': 7.889848750887141e-11, 'z': -3.1680696594475176e-10, 'element': 'Br'}, {'x': 1.4595651450747301e-09, 'y': 4.265551429369763e-10, 'z': -3.2036727958415514e-10, 'element': 'Br'}, {'x': 1.059901812924373e-09, 'y': 7.183519397776924e-11, 'z': -3.2036727958415514e-10, 'element': 'Br'}]}, 'natoms': 8, 'element': {'In': 2, 'Br': 6}}]"
21,BaBr2,"[Cubic] 점군: m-3m, 공간군: Fm-3m (No.225)",12,-1.4373,-1.9935,-4.3039,"[{'data': {'a': [7.808424536458647e-10, 0.0, 4.7812810574788686e-26], 'b': [-4.7812810574788686e-26, 7.808424536458647e-10, 4.7812810574788686e-26], 'c': [0.0, 0.0, 7.808424536458647e-10], 'atoms': [{'x': 3.9042122682293237e-10, 'y': 0.0, 'z': 2.3906405287394343e-26, 'element': 'Ba'}, {'x': 3.904212268229323e-10, 'y': 3.9042122682293237e-10, 'z': 3.904212268229324e-10, 'element': 'Ba'}, {'x': 0.0, 'y': 0.0, 'z': 3.9042122682293237e-10, 'element': 'Ba'}, {'x': -2.3906405287394343e-26, 'y': 3.9042122682293237e-10, 'z': 2.3906405287394343e-26, 'element': 'Ba'}, {'x': 1.9521061341146616e-10, 'y': 1.9521061341146619e-10, 'z': 5.856318402343987e-10, 'element': 'Br'}, {'x': 5.856318402343986e-10, 'y': 5.856318402343986e-10, 'z': 1.9521061341146626e-10, 'element': 'Br'}, {'x': 1.9521061341146616e-10, 'y': 5.856318402343986e-10, 'z': 1.9521061341146624e-10, 'element': 'Br'}, {'x': 5.856318402343986e-10, 'y': 1.9521061341146619e-10, 'z': 5.856318402343987e-10, 'element': 'Br'}, {'x': 5.856318402343986e-10, 'y': 1.9521061341146619e-10, 'z': 1.9521061341146624e-10, 'element': 'Br'}, {'x': 1.9521061341146616e-10, 'y': 5.856318402343986e-10, 'z': 5.856318402343987e-10, 'element': 'Br'}, {'x': 5.856318402343986e-10, 'y': 5.856318402343986e-10, 'z': 5.856318402343987e-10, 'element': 'Br'}, {'x': 1.9521061341146616e-10, 'y': 1.9521061341146619e-10, 'z': 1.952106134114662e-10, 'element': 'Br'}]}, 'natoms': 12, 'element': {'Ba': 4, 'Br': 8}}]"
22,YbSb,"[Orthorhombic] 점군: mmm, 공간군: Pmmm (No.47)",2,-0.4525,-1.41,-3.2085,"[{'data': {'a': [3.6317840306276814e-10, 0.0, 2.2238263441513314e-26], 'b': [-2.9639504311323255e-26, 4.840498392182861e-10, 2.9639504311323255e-26], 'c': [0.0, 0.0, 5.10165715536896e-10], 'atoms': [{'x': 1.8158920153138407e-10, 'y': 0.0, 'z': 1.1119131720756657e-26, 'element': 'Yb'}, {'x': 0.0, 'y': 0.0, 'z': 2.55082857768448e-10, 'element': 'Sb'}]}, 'natoms': 2, 'element': {'Yb': 1, 'Sb': 1}}]"
23,SrAs2,"[Monoclinic] 점군: 2/m, 공간군: C2/m (No.12)",6,-0.2696,-0.8938,-4.4354,"[{'data': {'a': [0.0, 9.417538458596417e-10, 0.0], 'b': [4.039770375841235e-10, 0.0, 0.0], 'c': [0.0, -6.337645876747742e-11, -4.185509559356503e-10], 'atoms': [{'x': 0.0, 'y': -3.168822938373871e-11, 'z': -2.0927547796782514e-10, 'element': 'Sr'}, {'x': 2.0198851879206176e-10, 'y': 4.391886935460821e-10, 'z': -2.0927547796782514e-10, 'element': 'Sr'}, {'x': 0.0, 'y': 6.350580803610802e-10, 'z': -2.7830341529126473e-11, 'element': 'As'}, {'x': 2.0198851879206176e-10, 'y': 7.141962296609049e-10, 'z': -3.9072061440652383e-10, 'element': 'As'}, {'x': 2.0198851879206176e-10, 'y': 1.641811574312593e-10, 'z': -2.7830341529126473e-11, 'element': 'As'}, {'x': 0.0, 'y': 2.433193067310841e-10, 'z': -3.9072061440652383e-10, 'element': 'As'}]}, 'natoms': 6, 'element': {'Sr': 2, 'As': 4}}]"
24,BaBr2,"[Tetragonal] 점군: -42m, 공간군: P-4m2 (No.115)",3,-1.4962,-1.3683,-4.063,"[{'data': {'a': [5.692030336502539e-10, 0.0, 3.485363366123733e-26], 'b': [-3.485363366123733e-26, 5.692030336502539e-10, 3.485363366123733e-26], 'c': [0.0, 0.0, 7.198030915266466e-10], 'atoms': [{'x': 2.8460151682512693e-10, 'y': 2.8460151682512693e-10, 'z': 3.5990154576332333e-10, 'element': 'Ba'}, {'x': 2.8460151682512693e-10, 'y': 0.0, 'z': 4.978437830490034e-10, 'element': 'Br'}, {'x': -1.7426816830618665e-26, 'y': 2.8460151682512693e-10, 'z': 2.2195930847764313e-10, 'element': 'Br'}]}, 'natoms': 3, 'element': {'Ba': 1, 'Br': 2}}]"
25,Sr2As3,"[Orthorhombic] 점군: mm2, 공간군: Imm2 (No.44)",10,-0.2577,-1.1089,-4.3487,"[{'data': {'a': [4.4087234308902465e-10, 0.0, 2.6995645189828386e-26], 'b': [-4.660399110035994e-26, 7.61100933474165e-10, 4.660399110035994e-26], 'c': [0.0, 0.0, 8.516436582652531e-10], 'atoms': [{'x': 2.2043617154451233e-10, 'y': 1.9596446735921173e-10, 'z': 6.402120025915351e-10, 'element': 'Sr'}, {'x': -3.5301358435083703e-26, 'y': 5.765149340962943e-10, 'z': 6.372534848063446e-10, 'element': 'Sr'}, {'x': -3.5301358435083703e-26, 'y': 5.765149340962943e-10, 'z': 2.1439017345890857e-10, 'element': 'Sr'}, {'x': 2.2043617154451233e-10, 'y': 1.9596446735921173e-10, 'z': 2.1143165567371805e-10, 'element': 'Sr'}, {'x': 2.2043617154451228e-10, 'y': 7.017020246917615e-10, 'z': 4.2582182913262665e-10, 'element': 'As'}, {'x': 2.1879215957042257e-10, 'y': 6.959493445405586e-10, 'z': 5.758798338530152e-13, 'element': 'As'}, {'x': -4.580418278398354e-27, 'y': 7.480390724227459e-11, 'z': 4.580418278398354e-27, 'element': 'As'}, {'x': -1.966486137451917e-26, 'y': 3.2115155795467904e-10, 'z': 1.966486137451917e-26, 'element': 'As'}, {'x': 4.392283311149349e-10, 'y': 3.1539887780347595e-10, 'z': 4.263977089664795e-10, 'element': 'As'}, {'x': 2.2043617154451228e-10, 'y': 4.553543739793571e-10, 'z': 4.2582182913262655e-10, 'element': 'As'}]}, 'natoms': 10, 'element': {'Sr': 4, 'As': 6}}]"
26,NiP,"[Hexagonal] 점군: -6m2, 공간군: P-6m2 (No.187)",2,-0.1179,-0.3751,-6.0144,"[{'data': {'a': [1.7114236541739043e-10, -2.96427272230439e-10, 0.0], 'b': [1.7114236541739043e-10, 2.96427272230439e-10, 0.0], 'c': [0.0, 0.0, 2.4964336885279696e-10], 'atoms': [{'x': 1.7114236541739043e-10, 'y': 9.880909074347965e-11, 'z': 1.2482168442639848e-10, 'element': 'Ni'}, {'x': 1.7114236541739043e-10, 'y': -9.880909074347965e-11, 'z': 0.0, 'element': 'P'}]}, 'natoms': 2, 'element': {'Ni': 1, 'P': 1}}]"
27,NaSb,"[Triclinic] 점군: -1, 공간군: P-1 (No.2)",4,-0.1628,-0.6778,-3.134,"[{'data': {'a': [4.5834246663438653e-10, 0.0, 0.0], 'b': [-2.85823095472643e-12, 4.618394107439816e-10, 0.0], 'c': [-1.837206753019022e-10, -1.5359779094642914e-11, 5.827662944450249e-10], 'atoms': [{'x': 4.410975918454354e-11, 'y': 3.3282777878915975e-10, 'z': 4.1694931104816695e-10, 'element': 'Na'}, {'x': 2.2765380119321437e-10, 'y': 1.1365185286017888e-10, 'z': 1.65816983396858e-10, 'element': 'Na'}, {'x': 2.785360724790115e-10, 'y': 1.000889234344345e-10, 'z': 4.942949403270113e-10, 'element': 'Sb'}, {'x': -6.772512101253577e-12, 'y': 3.4639070821490416e-10, 'z': 8.847135411801357e-11, 'element': 'Sb'}]}, 'natoms': 4, 'element': {'Na': 2, 'Sb': 2}}]"
28,Nb3As2,"[Orthorhombic] 점군: mm2, 공간군: Amm2 (No.38)",10,-0.0725,-0.3919,-7.7687,"[{'data': {'a': [5.605586416586828e-10, 0.0, 3.432431731208471e-26], 'b': [-4.4576927122500247e-26, 7.279964664674981e-10, 4.4576927122500247e-26], 'c': [0.0, 0.0, 5.23247257167601e-10], 'atoms': [{'x': 2.8027932082934137e-10, 'y': 5.703525886675711e-10, 'z': 5.208618226089976e-26, 'element': 'Nb'}, {'x': -2.8748879936094944e-26, 'y': 4.695048393726426e-10, 'z': 1.243037249981171e-10, 'element': 'Nb'}, {'x': -2.8748879936094944e-26, 'y': 4.695048393726426e-10, 'z': 3.9894353216948395e-10, 'element': 'Nb'}, {'x': -1.2635560043607275e-26, 'y': 2.0635435543382211e-10, 'z': 1.2635560043607275e-26, 'element': 'Nb'}, {'x': 2.802793208293414e-10, 'y': 1.0550660613889351e-10, 'z': 1.243037249981171e-10, 'element': 'Nb'}, {'x': 2.802793208293414e-10, 'y': 1.0550660613889351e-10, 'z': 3.9894353216948395e-10, 'element': 'Nb'}, {'x': 1.2255892616766654e-10, 'y': 2.6692827147994314e-10, 'z': 2.616236285838005e-10, 'element': 'As'}, {'x': 1.5772039466167483e-10, 'y': 6.309265047136922e-10, 'z': 2.616236285838005e-10, 'element': 'As'}, {'x': 4.0283824699700804e-10, 'y': 6.309265047136922e-10, 'z': 2.616236285838005e-10, 'element': 'As'}, {'x': 4.3799971549101633e-10, 'y': 2.6692827147994324e-10, 'z': 2.616236285838005e-10, 'element': 'As'}]}, 'natoms': 10, 'element': {'Nb': 6, 'As': 4}}]"
29,BaBr2,"[Tetragonal] 점군: -42m, 공간군: P-4m2 (No.115)",3,-1.5389,-1.2329,-4.0632,"[{'data': {'a': [5.617064429664466e-10, 0.0, 3.439459987196521e-26], 'b': [-3.439459987196521e-26, 5.617064429664466e-10, 3.439459987196521e-26], 'c': [0.0, 0.0, 7.181700207769146e-10], 'atoms': [{'x': 2.808532214832233e-10, 'y': 2.808532214832233e-10, 'z': 3.5908501038845735e-10, 'element': 'Ba'}, {'x': 2.808532214832233e-10, 'y': 0.0, 'z': 2.135932091795603e-10, 'element': 'Br'}, {'x': -1.7197299935982604e-26, 'y': 2.808532214832233e-10, 'z': 5.045768115973543e-10, 'element': 'Br'}]}, 'natoms': 3, 'element': {'Ba': 1, 'Br': 2}}]"
30,CaBr2,"[Tetragonal] 점군: -42m, 공간군: P-4m2 (No.115)",3,-0.9591,-1.7996,-3.9651,"[{'data': {'a': [4.7876197869818e-10, 0.0, 2.931571623830897e-26], 'b': [-2.931571623830897e-26, 4.7876197869818e-10, 2.931571623830897e-26], 'c': [0.0, 0.0, 6.887178994791331e-10], 'atoms': [{'x': 2.3938098934909e-10, 'y': 2.3938098934909e-10, 'z': 3.443589497395666e-10, 'element': 'Ca'}, {'x': 2.3938098934909e-10, 'y': 0.0, 'z': 4.841780097227184e-10, 'element': 'Br'}, {'x': -1.4657858119154486e-26, 'y': 2.3938098934909e-10, 'z': 2.045398897564147e-10, 'element': 'Br'}]}, 'natoms': 3, 'element': {'Ca': 1, 'Br': 2}}]"
31,NbAs,"[Monoclinic] 점군: m, 공간군: Cm (No.8)",8,-0.0882,-0.3489,-7.8109,"[{'data': {'a': [0.0, 9.028447333253087e-10, 0.0], 'b': [3.408183155656624e-10, 0.0, 0.0], 'c': [0.0, -1.16501398101261e-10, -4.982961006329542e-10], 'atoms': [{'x': 0.0, 'y': 2.869634250428042e-10, 'z': -3.3726512493616405e-10, 'element': 'Nb'}, {'x': 1.704091577828312e-10, 'y': 2.1642708779461617e-10, 'z': -5.707383028583958e-11, 'element': 'Nb'}, {'x': 1.704091577828312e-10, 'y': 7.383857917054585e-10, 'z': -3.3726512493616405e-10, 'element': 'Nb'}, {'x': 0.0, 'y': 6.678494544572705e-10, 'z': -5.707383028583958e-11, 'element': 'Nb'}, {'x': 0.0, 'y': 2.125070397569333e-11, 'z': -2.371617065262569e-11, 'element': 'As'}, {'x': 1.704091577828312e-10, 'y': 9.411865019434306e-11, 'z': -2.90441084772271e-10, 'element': 'As'}, {'x': 1.704091577828312e-10, 'y': 4.726730706383477e-10, 'z': -2.371617065262569e-11, 'element': 'As'}, {'x': 0.0, 'y': 5.455410168569975e-10, 'z': -2.90441084772271e-10, 'element': 'As'}]}, 'natoms': 8, 'element': {'Nb': 4, 'As': 4}}]"
32,BaP,"[Tetragonal] 점군: 4/mmm, 공간군: I4/mmm (No.139)",4,-0.1948,-0.6899,-4.4702,"[{'data': {'a': [4.499462476070191e-10, 0.0, 2.7551261596014916e-26], 'b': [-2.7551261596014916e-26, 4.499462476070191e-10, 2.7551261596014916e-26], 'c': [0.0, 0.0, 7.004194723335197e-10], 'atoms': [{'x': 2.2497312380350955e-10, 'y': 2.2497312380350955e-10, 'z': 3.502097361667599e-10, 'element': 'Ba'}, {'x': 0.0, 'y': 0.0, 'z': 0.0, 'element': 'Ba'}, {'x': 0.0, 'y': 0.0, 'z': 3.5020973616675985e-10, 'element': 'P'}, {'x': 2.2497312380350955e-10, 'y': 2.2497312380350955e-10, 'z': 2.7551261596014916e-26, 'element': 'P'}]}, 'natoms': 4, 'element': {'Ba': 2, 'P': 2}}]"
33,SrAs3,"[Monoclinic] 점군: 2, 공간군: C2 (No.5)",8,-0.2417,-0.3939,-4.4695,"[{'data': {'a': [0.0, 7.134173056189933e-10, 0.0], 'b': [7.013920636536852e-10, 0.0, 0.0], 'c': [0.0, -2.387948661571138e-10, -4.4475240344107567e-10], 'atoms': [{'x': 4.481349230022467e-11, 'y': 0.0, 'z': 0.0, 'element': 'Sr'}, {'x': 3.955095241270672e-10, 'y': 3.5670865280949665e-10, 'z': 0.0, 'element': 'Sr'}, {'x': 2.79781291239947e-10, 'y': -1.193974330785569e-10, 'z': -2.2237620172053783e-10, 'element': 'As'}, {'x': 4.3049342070915813e-10, 'y': 4.493607858457924e-11, 'z': -1.168121873474815e-10, 'element': 'As'}, {'x': 4.3049342070915813e-10, 'y': 4.2968636087730017e-10, 'z': -3.2794021609359417e-10, 'element': 'As'}, {'x': 6.304773230667896e-10, 'y': 2.3731121973093974e-10, 'z': -2.2237620172053783e-10, 'element': 'As'}, {'x': 7.979738888231556e-11, 'y': 4.0164473139407597e-10, 'z': -1.168121873474815e-10, 'element': 'As'}, {'x': 7.979738888231556e-11, 'y': 7.297770806780362e-11, 'z': -3.2794021609359417e-10, 'element': 'As'}]}, 'natoms': 8, 'element': {'Sr': 2, 'As': 6}}]"
34,UP,"[Cubic] 점군: m-3m, 공간군: Fm-3m (No.225)",8,-0.1115,-1.1522,-9.3124,"[{'data': {'a': [5.567444850771426e-10, 0.0, 3.40907675796332e-26], 'b': [-3.40907675796332e-26, 5.567444850771426e-10, 3.40907675796332e-26], 'c': [0.0, 0.0, 5.567444850771426e-10], 'atoms': [{'x': 2.783722425385713e-10, 'y': 0.0, 'z': 1.70453837898166e-26, 'element': 'U'}, {'x': 2.783722425385713e-10, 'y': 2.783722425385713e-10, 'z': 2.7837224253857133e-10, 'element': 'U'}, {'x': 0.0, 'y': 0.0, 'z': 2.783722425385713e-10, 'element': 'U'}, {'x': -1.70453837898166e-26, 'y': 2.783722425385713e-10, 'z': 1.70453837898166e-26, 'element': 'U'}, {'x': 0.0, 'y': 0.0, 'z': 0.0, 'element': 'P'}, {'x': -1.70453837898166e-26, 'y': 2.783722425385713e-10, 'z': 2.783722425385713e-10, 'element': 'P'}, {'x': 2.783722425385713e-10, 'y': 0.0, 'z': 2.783722425385713e-10, 'element': 'P'}, {'x': 2.783722425385713e-10, 'y': 2.783722425385713e-10, 'z': 3.40907675796332e-26, 'element': 'P'}]}, 'natoms': 8, 'element': {'U': 4, 'P': 4}}]"
35,NaSb,"[Orthorhombic] 점군: mmm, 공간군: Pmma (No.51)",4,-0.17,-0.6313,-3.1271,"[{'data': {'a': [4.4549220894101753e-10, 0.0, 2.727853038623505e-26], 'b': [-3.0244660549201937e-26, 4.939327905851621e-10, 3.0244660549201937e-26], 'c': [0.0, 0.0, 5.430947877452714e-10], 'atoms': [{'x': 2.2274610447050871e-10, 'y': 3.7044959293887163e-10, 'z': 4.3209287781346583e-10, 'element': 'Na'}, {'x': 2.2274610447050877e-10, 'y': 1.2348319764629053e-10, 'z': 1.1100190993180564e-10, 'element': 'Na'}, {'x': -2.2683495411901452e-26, 'y': 3.7044959293887163e-10, 'z': 1.9221015482931252e-10, 'element': 'Sb'}, {'x': -7.561165137300484e-27, 'y': 1.2348319764629053e-10, 'z': 3.5088463291595893e-10, 'element': 'Sb'}]}, 'natoms': 4, 'element': {'Na': 2, 'Sb': 2}}]"
36,SrSb,"[Tetragonal] 점군: 4/mmm, 공간군: P4/mmm (No.123)",2,-0.4186,-0.7935,-3.9174,"[{'data': {'a': [4.2765178928984805e-10, 0.0, 2.618611974517254e-26], 'b': [-2.618611974517254e-26, 4.2765178928984805e-10, 2.618611974517254e-26], 'c': [0.0, 0.0, 3.555220801493183e-10], 'atoms': [{'x': 2.1382589464492403e-10, 'y': 2.1382589464492403e-10, 'z': 2.618611974517254e-26, 'element': 'Sr'}, {'x': 0.0, 'y': 0.0, 'z': 1.7776104007465915e-10, 'element': 'Sb'}]}, 'natoms': 2, 'element': {'Sr': 1, 'Sb': 1}}]"
37,SrAs4,"[Monoclinic] 점군: 2, 공간군: C2 (No.5)",10,-0.2558,-0.4768,-4.5131,"[{'data': {'a': [0.0, 9.321110972045735e-10, 0.0], 'b': [5.456975115305062e-10, 0.0, 0.0], 'c': [0.0, -2.1411350615303425e-10, -5.336119651672499e-10], 'atoms': [{'x': 6.839914830203743e-11, 'y': 0.0, 'z': 0.0, 'element': 'Sr'}, {'x': 3.4124790406729054e-10, 'y': 4.660555486022867e-10, 'z': 0.0, 'element': 'Sr'}, {'x': 3.3917143141255176e-10, 'y': 5.54155749998918e-10, 'z': -3.9769456616662536e-10, 'element': 'As'}, {'x': 2.858437548874191e-10, 'y': 7.10201799062819e-10, 'z': -2.117904422301722e-10, 'element': 'As'}, {'x': 2.858437548874191e-10, 'y': 7.79579198872003e-12, 'z': -3.2182152293707773e-10, 'element': 'As'}, {'x': 3.3917143141255176e-10, 'y': 1.638418410526211e-10, 'z': -1.3591739900062456e-10, 'element': 'As'}, {'x': 6.632267564729866e-11, 'y': 8.810020139663134e-11, 'z': -3.9769456616662536e-10, 'element': 'As'}, {'x': 1.2994999122165964e-11, 'y': 2.441462504605324e-10, 'z': -2.117904422301722e-10, 'element': 'As'}, {'x': 1.2994999122165964e-11, 'y': 4.738513405910067e-10, 'z': -3.2182152293707773e-10, 'element': 'As'}, {'x': 6.632267564729866e-11, 'y': 6.298973896549078e-10, 'z': -1.3591739900062456e-10, 'element': 'As'}]}, 'natoms': 10, 'element': {'Sr': 2, 'As': 8}}]"
38,Sr2As3,"[Monoclinic] 점군: m, 공간군: Cm (No.8)",10,-0.2507,-0.961,-4.3514,"[{'data': {'a': [0.0, 1.5757879535330772e-09, 0.0], 'b': [4.195393907291447e-10, 0.0, 0.0], 'c': [0.0, -1.2062264594105362e-10, -4.2852060534443826e-10], 'atoms': [{'x': 2.0976969536457236e-10, 'y': 8.116156074339334e-10, 'z': -3.3491029600958873e-10, 'element': 'Sr'}, {'x': 2.0976969536457236e-10, 'y': 1.214012620967434e-09, 'z': -2.1317793597239435e-10, 'element': 'Sr'}, {'x': 0.0, 'y': 2.3721630667394638e-11, 'z': -3.3491029600958873e-10, 'element': 'Sr'}, {'x': 0.0, 'y': 4.2611864420089533e-10, 'z': -2.1317793597239435e-10, 'element': 'Sr'}, {'x': 0.0, 'y': 1.0443727350260292e-09, 'z': -3.9641080959210583e-10, 'element': 'As'}, {'x': 2.0976969536457236e-10, 'y': 1.5450526978569125e-09, 'z': -8.98444824815104e-11, 'element': 'As'}, {'x': 0.0, 'y': 1.4061169001957512e-09, 'z': -3.64971085133751e-11, 'element': 'As'}, {'x': 2.0976969536457236e-10, 'y': 2.564787582594905e-10, 'z': -3.9641080959210583e-10, 'element': 'As'}, {'x': 0.0, 'y': 7.571587210903739e-10, 'z': -8.98444824815104e-11, 'element': 'As'}, {'x': 2.0976969536457236e-10, 'y': 6.182229234292124e-10, 'z': -3.64971085133751e-11, 'element': 'As'}]}, 'natoms': 10, 'element': {'Sr': 4, 'As': 6}}]"
39,NaAs,"[Monoclinic] 점군: 2/m, 공간군: C2/m (No.12)",8,-0.2126,-0.7084,-3.409,"[{'data': {'a': [0.0, 1.0753294349273522e-09, 0.0], 'b': [4.565067221217811e-10, 0.0, 0.0], 'c': [0.0, -9.90922035824246e-12, -3.973835729477162e-10], 'atoms': [{'x': 0.0, 'y': 1.462299478086566e-10, 'z': -1.0259958515771723e-10, 'element': 'Na'}, {'x': 2.2825336106089056e-10, 'y': 3.8152554929677695e-10, 'z': -2.9478398778999894e-10, 'element': 'Na'}, {'x': 2.2825336106089056e-10, 'y': 6.838946652723326e-10, 'z': -1.0259958515771723e-10, 'element': 'Na'}, {'x': 0.0, 'y': 9.191902667604529e-10, 'z': -2.9478398778999894e-10, 'element': 'Na'}, {'x': 2.2825336106089056e-10, 'y': 9.950409980508717e-10, 'z': -9.726174631023459e-11, 'element': 'As'}, {'x': 2.2825336106089056e-10, 'y': 7.037921651823804e-11, 'z': -3.001218266374816e-10, 'element': 'As'}, {'x': 0.0, 'y': 4.573762805871955e-10, 'z': -9.726174631023459e-11, 'element': 'As'}, {'x': 0.0, 'y': 6.080439339819141e-10, 'z': -3.001218266374816e-10, 'element': 'As'}]}, 'natoms': 8, 'element': {'Na': 4, 'As': 4}}]"
40,SrBr2,"[Tetragonal] 점군: -42m, 공간군: P-4m2 (No.115)",3,-1.2014,-1.6718,-3.9067,"[{'data': {'a': [5.923365343674046e-10, 0.0, 3.627015204155391e-26], 'b': [-3.627015204155391e-26, 5.923365343674046e-10, 3.627015204155391e-26], 'c': [0.0, 0.0, 5.896749446462293e-10], 'atoms': [{'x': 2.961682671837023e-10, 'y': 2.961682671837023e-10, 'z': 2.948374723231147e-10, 'element': 'Sr'}, {'x': 2.961682671837023e-10, 'y': 0.0, 'z': 2.9665456505159877e-10, 'element': 'Br'}, {'x': -1.8135076020776956e-26, 'y': 2.961682671837023e-10, 'z': 2.9302037959463065e-10, 'element': 'Br'}]}, 'natoms': 3, 'element': {'Sr': 1, 'Br': 2}}]"
41,SrSb,"[Tetragonal] 점군: 4/mmm, 공간군: P4/mmm (No.123)",2,-0.4185,-0.7938,-3.9174,"[{'data': {'a': [4.276949946653686e-10, 0.0, 2.6188765311414396e-26], 'b': [-2.6188765311414396e-26, 4.276949946653686e-10, 2.6188765311414396e-26], 'c': [0.0, 0.0, 3.5570743230151e-10], 'atoms': [{'x': 0.0, 'y': 0.0, 'z': 1.77853716150755e-10, 'element': 'Sr'}, {'x': 2.138474973326843e-10, 'y': 2.138474973326843e-10, 'z': 2.6188765311414396e-26, 'element': 'Sb'}]}, 'natoms': 2, 'element': {'Sr': 1, 'Sb': 1}}]"
42,SrAs,"[Orthorhombic] 점군: mmm, 공간군: Immm (No.71)",8,-0.2623,-1.2089,-4.2136,"[{'data': {'a': [4.3642471280557585e-10, 0.0, 2.672330638030757e-26], 'b': [-4.501719587689249e-26, 7.351866008752109e-10, 4.501719587689249e-26], 'c': [0.0, 0.0, 8.123366945646978e-10], 'atoms': [{'x': 0.0, 'y': 0.0, 'z': 6.170346026877462e-10, 'element': 'Sr'}, {'x': 0.0, 'y': 0.0, 'z': 1.9530209187695164e-10, 'element': 'Sr'}, {'x': 2.182123564027879e-10, 'y': 3.6759330043760547e-10, 'z': 2.1086625540539732e-10, 'element': 'Sr'}, {'x': 2.182123564027879e-10, 'y': 3.6759330043760547e-10, 'z': 6.014704391593007e-10, 'element': 'Sr'}, {'x': -1.458338505759147e-26, 'y': 2.3816475195533916e-10, 'z': 4.061683472823489e-10, 'element': 'As'}, {'x': -3.0433810819301014e-26, 'y': 4.970218489198718e-10, 'z': 4.061683472823489e-10, 'element': 'As'}, {'x': 2.182123564027879e-10, 'y': 6.057580523929446e-10, 'z': 5.0453636186191506e-26, 'element': 'As'}, {'x': 2.1821235640278793e-10, 'y': 1.294285484822663e-10, 'z': 2.1286866071008557e-26, 'element': 'As'}]}, 'natoms': 8, 'element': {'Sr': 4, 'As': 4}}]"
43,SrSb2,"[Monoclinic] 점군: 2/m, 공간군: C2/m (No.12)",6,-0.3306,-0.8434,-4.1368,"[{'data': {'a': [0.0, 9.823525431751704e-10, 0.0], 'b': [4.482525527990483e-10, 0.0, 0.0], 'c': [0.0, -8.800532865860714e-11, -4.352731847641145e-10], 'atoms': [{'x': 2.2412627639952415e-10, 'y': -4.400266432930357e-11, 'z': -2.1763659238205726e-10, 'element': 'Sr'}, {'x': 0.0, 'y': 4.471736072582817e-10, 'z': -2.1763659238205726e-10, 'element': 'Sr'}, {'x': 0.0, 'y': 1.4872986190317047e-10, 'z': -3.6817262837775314e-11, 'element': 'Sb'}, {'x': 2.2412627639952415e-10, 'y': 2.5444108102580767e-10, 'z': -3.984559219263392e-10, 'element': 'Sb'}, {'x': 2.2412627639952415e-10, 'y': 6.399061334907557e-10, 'z': -3.6817262837775314e-11, 'element': 'Sb'}, {'x': 0.0, 'y': 7.456173526133929e-10, 'z': -3.984559219263392e-10, 'element': 'Sb'}]}, 'natoms': 6, 'element': {'Sr': 2, 'Sb': 4}}]"
44,NbAs,"[Hexagonal] 점군: mm2, 공간군: P-6m2 (No.187)",2,-0.1023,-0.4812,-7.9879,"[{'data': {'a': [1.7356107253302399e-10, -3.006165958433447e-10, 0.0], 'b': [1.7356107253302399e-10, 3.006165958433447e-10, 0.0], 'c': [0.0, 0.0, 3.434256281070018e-10], 'atoms': [{'x': 1.7356107253302399e-10, 'y': -1.0020553194778155e-10, 'z': 1.717128140535009e-10, 'element': 'Nb'}, {'x': 1.7356107253302399e-10, 'y': 1.0020553194778155e-10, 'z': 0.0, 'element': 'As'}]}, 'natoms': 2, 'element': {'Nb': 1, 'As': 1}}]"
45,BaBr2,"[Cubic] 점군: 4/mmm, 공간군: Fm-3m (No.225)",12,-1.545,-1.995,-4.3039,"[{'data': {'a': [7.807781766603079e-10, 0.0, 4.7808874744557637e-26], 'b': [-4.7808874744557637e-26, 7.807781766603079e-10, 4.7808874744557637e-26], 'c': [0.0, 0.0, 7.807781766603079e-10], 'atoms': [{'x': -2.3904437372278819e-26, 'y': 3.9038908833015397e-10, 'z': 3.90389088330154e-10, 'element': 'Ba'}, {'x': 0.0, 'y': 0.0, 'z': 0.0, 'element': 'Ba'}, {'x': 3.903890883301539e-10, 'y': 3.9038908833015397e-10, 'z': 4.7808874744557637e-26, 'element': 'Ba'}, {'x': 3.9038908833015397e-10, 'y': 0.0, 'z': 3.90389088330154e-10, 'element': 'Ba'}, {'x': 1.9519454416507696e-10, 'y': 1.9519454416507698e-10, 'z': 5.85583632495231e-10, 'element': 'Br'}, {'x': 5.85583632495231e-10, 'y': 1.9519454416507698e-10, 'z': 5.85583632495231e-10, 'element': 'Br'}, {'x': 1.9519454416507693e-10, 'y': 5.85583632495231e-10, 'z': 1.95194544165077e-10, 'element': 'Br'}, {'x': 5.85583632495231e-10, 'y': 5.85583632495231e-10, 'z': 1.9519454416507704e-10, 'element': 'Br'}, {'x': 5.85583632495231e-10, 'y': 1.9519454416507698e-10, 'z': 1.95194544165077e-10, 'element': 'Br'}, {'x': 1.9519454416507696e-10, 'y': 1.9519454416507698e-10, 'z': 1.95194544165077e-10, 'element': 'Br'}, {'x': 5.85583632495231e-10, 'y': 5.85583632495231e-10, 'z': 5.855836324952311e-10, 'element': 'Br'}, {'x': 1.9519454416507693e-10, 'y': 5.85583632495231e-10, 'z': 5.85583632495231e-10, 'element': 'Br'}]}, 'natoms': 12, 'element': {'Ba': 4, 'Br': 8}}]"
46,SrSb,"[Tetragonal] 점군: 4/mmm, 공간군: P4/mmm (No.123)",2,-0.4123,-0.7933,-3.9174,"[{'data': {'a': [4.2794781463029084e-10, 0.0, 2.6204246069454523e-26], 'b': [-2.6204246069454523e-26, 4.2794781463029084e-10, 2.6204246069454523e-26], 'c': [0.0, 0.0, 3.5513442801248096e-10], 'atoms': [{'x': 2.1397390731514542e-10, 'y': 2.1397390731514542e-10, 'z': 2.6204246069454523e-26, 'element': 'Sr'}, {'x': 0.0, 'y': 0.0, 'z': 1.7756721400624048e-10, 'element': 'Sb'}]}, 'natoms': 2, 'element': {'Sr': 1, 'Sb': 1}}]"
47,CsBr,"[Monoclinic] 점군: 2/m, 공간군: P2/m (No.10)",2,-1.366,-2.0028,-3.2246,"[{'data': {'a': [0.0, 5.115562228441527e-10, 0.0], 'b': [5.056462629747087e-10, 0.0, 0.0], 'c': [0.0, -2.7528549587294364e-11, -5.967465149478731e-10], 'atoms': [{'x': 0.0, 'y': -1.3764274793647182e-11, 'z': -2.9837325747393653e-10, 'element': 'Cs'}, {'x': 2.5282313148735433e-10, 'y': 2.420138366284292e-10, 'z': -2.9837325747393653e-10, 'element': 'Br'}]}, 'natoms': 2, 'element': {'Cs': 1, 'Br': 1}}]"
48,Nb2As3,"[Monoclinic] 점군: m, 공간군: Pm (No.6)",5,-0.0691,-0.3414,-7.0486,"[{'data': {'a': [0.0, 4.389061144193776e-10, 0.0], 'b': [3.7968709865597597e-10, 0.0, 0.0], 'c': [0.0, -4.885099488069192e-11, -6.211395488568563e-10], 'atoms': [{'x': 0.0, 'y': 2.415177328415489e-10, 'z': -3.0149594243476643e-10, 'element': 'Nb'}, {'x': 0.0, 'y': 1.9908108627105969e-10, 'z': -5.921660253147207e-10, 'element': 'Nb'}, {'x': 0.0, 'y': 4.0153034069086136e-11, 'z': -1.237214615251255e-10, 'element': 'As'}, {'x': 1.8984354932798798e-10, 'y': 3.156684458377128e-10, 'z': -1.4084450800697106e-10, 'element': 'As'}, {'x': 1.8984354932798798e-10, 'y': 1.0380677479480489e-10, 'z': -4.343972101811632e-10, 'element': 'As'}]}, 'natoms': 5, 'element': {'Nb': 2, 'As': 3}}]"
49,SrBr2,"[Monoclinic] 점군: 2/m, 공간군: C2/m (No.12)",12,-1.3821,-2.4017,-4.1537,"[{'data': {'a': [0.0, 1.54588657340407e-09, 0.0], 'b': [6.061362603530982e-10, 0.0, 0.0], 'c': [0.0, -2.2506224622856242e-10, -5.626652888302373e-10], 'atoms': [{'x': 0.0, 'y': 5.515699534072762e-10, 'z': -7.455973005311767e-11, 'element': 'Sr'}, {'x': 0.0, 'y': 7.692543737682314e-10, 'z': -4.881055587771195e-10, 'element': 'Sr'}, {'x': 3.030681301765491e-10, 'y': 1.3245132401093113e-09, 'z': -7.455973005311767e-11, 'element': 'Sr'}, {'x': 3.030681301765491e-10, 'y': -3.688912933803566e-12, 'z': -4.881055587771195e-10, 'element': 'Sr'}, {'x': 0.0, 'y': 4.850025568549534e-10, 'z': -3.7417381663976433e-10, 'element': 'Br'}, {'x': 3.030681301765491e-10, 'y': 8.191055248803872e-10, 'z': -5.058381444640055e-10, 'element': 'Br'}, {'x': 3.030681301765491e-10, 'y': 5.017188022951204e-10, 'z': -5.6827144366231765e-11, 'element': 'Br'}, {'x': 0.0, 'y': 8.358217703205541e-10, 'z': -1.8849147219047287e-10, 'element': 'Br'}, {'x': 3.030681301765491e-10, 'y': 1.2579458435569884e-09, 'z': -3.7417381663976433e-10, 'element': 'Br'}, {'x': 0.0, 'y': 4.6162238178352216e-11, 'z': -5.058381444640055e-10, 'element': 'Br'}, {'x': 0.0, 'y': 1.2746620889971554e-09, 'z': -5.6827144366231765e-11, 'element': 'Br'}, {'x': 3.030681301765491e-10, 'y': 6.287848361851925e-11, 'z': -1.8849147219047287e-10, 'element': 'Br'}]}, 'natoms': 12, 'element': {'Sr': 4, 'Br': 8}}]"
50,AlBr3,"[Monoclinic] 점군: 2, 공간군: C2 (No.5)",8,-0.0038,-1.2628,-3.6751,"[{'data': {'a': [0.0, 1.341379361422051e-09, 0.0], 'b': [6.092857541386302e-10, 0.0, 0.0], 'c': [0.0, -9.091343754062545e-11, -3.7701149192851757e-10], 'atoms': [{'x': 5.88570397461801e-11, 'y': 6.252329619407128e-10, 'z': -1.8850574596425878e-10, 'element': 'Al'}, {'x': 3.6349991681549525e-10, 'y': -4.5456718770312724e-11, 'z': -1.8850574596425878e-10, 'element': 'Al'}, {'x': 2.089627327964414e-10, 'y': 6.706896807110255e-10, 'z': 0.0, 'element': 'Br'}, {'x': 5.56567062245861e-10, 'y': 8.165502554513814e-10, 'z': -2.3849735367707005e-10, 'element': 'Br'}, {'x': 2.5192418517654586e-10, 'y': 1.1046053491410699e-09, 'z': -1.3851413825144752e-10, 'element': 'Br'}, {'x': 5.136056098657565e-10, 'y': 0.0, 'z': 0.0, 'element': 'Br'}, {'x': 2.5192418517654586e-10, 'y': 1.45860574740356e-10, 'z': -2.3849735367707005e-10, 'element': 'Br'}, {'x': 5.56567062245861e-10, 'y': 4.339156684300441e-10, 'z': -1.3851413825144752e-10, 'element': 'Br'}]}, 'natoms': 8, 'element': {'Al': 2, 'Br': 6}}]"
51,KBr,"[Cubic] 점군: 4/mmm, 공간군: Fm-3m (No.225)",8,-1.2635,-1.9289,-3.4025,"[{'data': {'a': [6.725071746446685e-10, 0.0, 4.117918794161116e-26], 'b': [-4.117918794161116e-26, 6.725071746446685e-10, 4.117918794161116e-26], 'c': [0.0, 0.0, 6.725071746446685e-10], 'atoms': [{'x': 0.0, 'y': 0.0, 'z': 3.3625358732233423e-10, 'element': 'K'}, {'x': -2.058959397080558e-26, 'y': 3.3625358732233423e-10, 'z': 2.058959397080558e-26, 'element': 'K'}, {'x': 3.3625358732233423e-10, 'y': 0.0, 'z': 2.058959397080558e-26, 'element': 'K'}, {'x': 3.3625358732233423e-10, 'y': 3.3625358732233423e-10, 'z': 3.362535873223343e-10, 'element': 'K'}, {'x': 3.3625358732233423e-10, 'y': 0.0, 'z': 3.3625358732233423e-10, 'element': 'Br'}, {'x': 3.3625358732233423e-10, 'y': 3.3625358732233423e-10, 'z': 4.117918794161116e-26, 'element': 'Br'}, {'x': 0.0, 'y': 0.0, 'z': 0.0, 'element': 'Br'}, {'x': -2.058959397080558e-26, 'y': 3.3625358732233423e-10, 'z': 3.3625358732233423e-10, 'element': 'Br'}]}, 'natoms': 8, 'element': {'K': 4, 'Br': 4}}]"
52,BaBr2,"[Tetragonal] 점군: -42m, 공간군: P-4m2 (No.115)",3,-1.4361,-1.5601,-4.0627,"[{'data': {'a': [5.69913373786047e-10, 0.0, 3.489712944991757e-26], 'b': [-3.489712944991757e-26, 5.69913373786047e-10, 3.489712944991757e-26], 'c': [0.0, 0.0, 6.721119933609807e-10], 'atoms': [{'x': 2.849566868930235e-10, 'y': 2.849566868930235e-10, 'z': 3.360559966804904e-10, 'element': 'Ba'}, {'x': 2.849566868930235e-10, 'y': 0.0, 'z': 1.9856999758086076e-10, 'element': 'Br'}, {'x': -1.7448564724958785e-26, 'y': 2.849566868930235e-10, 'z': 4.735419957801199e-10, 'element': 'Br'}]}, 'natoms': 3, 'element': {'Ba': 1, 'Br': 2}}]"
53,CaBr2,"[Orthorhombic] 점군: mm2, 공간군: Imm2 (No.44)",6,-0.9948,-1.8528,-4.1067,"[{'data': {'a': [4.2148112733266326e-10, 0.0, 2.5808275674448201e-26], 'b': [-4.0734365024409e-26, 6.652426651140534e-10, 4.0734365024409e-26], 'c': [0.0, 0.0, 7.41065334575693e-10], 'atoms': [{'x': 2.1074056366633163e-10, 'y': 2.7149236738656517e-10, 'z': 2.952825077286881e-26, 'element': 'Ca'}, {'x': -3.699129544784922e-26, 'y': 6.041136999435919e-10, 'z': 3.7053266728784653e-10, 'element': 'Ca'}, {'x': -1.0067267819283341e-26, 'y': 1.6441096038943742e-10, 'z': 1.7897788244892544e-10, 'element': 'Br'}, {'x': 2.1074056366633158e-10, 'y': 4.970322929464641e-10, 'z': 1.915547848389211e-10, 'element': 'Br'}, {'x': 2.1074056366633158e-10, 'y': 4.970322929464641e-10, 'z': 5.495105497367719e-10, 'element': 'Br'}, {'x': -1.0067267819283347e-26, 'y': 1.6441096038943753e-10, 'z': 5.620874521267676e-10, 'element': 'Br'}]}, 'natoms': 6, 'element': {'Ca': 2, 'Br': 4}}]"
54,CaSb,"[Monoclinic] 점군: 2/m, 공간군: C2/m (No.12)",8,-0.3223,-0.8646,-4.0806,"[{'data': {'a': [0.0, 7.353255551451158e-10, 0.0], 'b': [8.285451081439765e-10, 0.0, 0.0], 'c': [0.0, -3.3229844191472016e-10, -3.880437465334166e-10], 'atoms': [{'x': 2.0713627703599413e-10, 'y': 3.853449454014768e-10, 'z': -1.940218732667083e-10, 'element': 'Ca'}, {'x': 2.0713627703599413e-10, 'y': 1.7682167828918892e-11, 'z': -1.940218732667083e-10, 'element': 'Ca'}, {'x': 6.214088311079824e-10, 'y': 1.7682167828918892e-11, 'z': -1.940218732667083e-10, 'element': 'Ca'}, {'x': 6.214088311079824e-10, 'y': 3.853449454014768e-10, 'z': -1.940218732667083e-10, 'element': 'Ca'}, {'x': 4.1427255407198826e-10, 'y': 2.107782807340069e-10, 'z': -1.3710705363558164e-11, 'element': 'Sb'}, {'x': 0.0, 'y': -1.7541394507616913e-10, 'z': -3.743330411698584e-10, 'element': 'Sb'}, {'x': 0.0, 'y': 5.784410583065648e-10, 'z': -1.3710705363558164e-11, 'element': 'Sb'}, {'x': 4.1427255407198826e-10, 'y': 1.922488324963888e-10, 'z': -3.743330411698584e-10, 'element': 'Sb'}]}, 'natoms': 8, 'element': {'Ca': 4, 'Sb': 4}}]"
55,NaSb,"[Orthorhombic] 점군: mm2, 공간군: Imm2 (No.44)",8,-0.1559,-0.6021,-3.1188,"[{'data': {'a': [4.5460987010073223e-10, 0.0, 2.7836826113982787e-26], 'b': [-3.583548956508707e-26, 5.852379574263719e-10, 3.583548956508707e-26], 'c': [0.0, 0.0, 9.429552272116923e-10], 'atoms': [{'x': -3.562045074453909e-26, 'y': 5.817261069777741e-10, 'z': 6.73263950679291e-10, 'element': 'Na'}, {'x': -3.562045074453909e-26, 'y': 5.817261069777741e-10, 'z': 2.696912765324015e-10, 'element': 'Na'}, {'x': 2.2730493505036611e-10, 'y': 2.8910712826458824e-10, 'z': 2.0178633707344468e-10, 'element': 'Na'}, {'x': 2.2730493505036611e-10, 'y': 2.8910712826458824e-10, 'z': 7.411688901382477e-10, 'element': 'Na'}, {'x': -1.744668148624052e-26, 'y': 2.849259312707562e-10, 'z': 4.714776136058462e-10, 'element': 'Sb'}, {'x': 2.2730493505036606e-10, 'y': 4.665669517209437e-10, 'z': 4.714776136058462e-10, 'element': 'Sb'}, {'x': 2.2730493505036606e-10, 'y': 5.775449099839423e-10, 'z': 4.928283932577545e-26, 'element': 'Sb'}, {'x': -1.065124141810604e-26, 'y': 1.739479730077578e-10, 'z': 1.065124141810604e-26, 'element': 'Sb'}]}, 'natoms': 8, 'element': {'Na': 4, 'Sb': 4}}]"
56,SbPd,"[Orthorhombic] 점군: mm2, 공간군: Pmm2 (No.25)",2,-0.1906,-0.363,-5.0472,"[{'data': {'a': [3.174035671957848e-10, 0.0, 1.9435363130213488e-26], 'b': [-2.0572508298865735e-26, 3.359745571243744e-10, 2.0572508298865735e-26], 'c': [0.0, 0.0, 4.1479817548223517e-10], 'atoms': [{'x': 1.7309492599897886e-11, 'y': 0.0, 'z': 2.0739908774111759e-10, 'element': 'Sb'}, {'x': 5.0881827937909876e-11, 'y': 1.679872785621872e-10, 'z': 1.3401867535379253e-26, 'element': 'Pd'}]}, 'natoms': 2, 'element': {'Sb': 1, 'Pd': 1}}]"
57,SrBr2,"[Monoclinic] 점군: m, 공간군: Pm (No.6)",3,-1.2331,-1.6099,-3.9066,"[{'data': {'a': [0.0, 5.927023324137311e-10, 0.0], 'b': [5.924926444798292e-10, 0.0, 0.0], 'c': [0.0, -2.960553031298228e-11, -6.307972124418886e-10], 'atoms': [{'x': 2.962463222399146e-10, 'y': 1.8169530344458237e-10, 'z': -8.912235830232593e-11, 'element': 'Sr'}, {'x': 0.0, 'y': 1.8358424358425674e-10, 'z': -9.417628406952738e-11, 'element': 'Br'}, {'x': 2.962463222399146e-10, 'y': 4.780820544626232e-10, 'z': -9.140246852058854e-11, 'element': 'Br'}]}, 'natoms': 3, 'element': {'Sr': 1, 'Br': 2}}]"
58,BaBr2,"[Tetragonal] 점군: -42m, 공간군: P-4m2 (No.115)",3,-1.3635,-1.2105,-4.0629,"[{'data': {'a': [5.573473568324791e-10, 0.0, 3.4127682827906665e-26], 'b': [-3.4127682827906665e-26, 5.573473568324791e-10, 3.4127682827906665e-26], 'c': [0.0, 0.0, 7.004308205691349e-10], 'atoms': [{'x': 2.7867367841623956e-10, 'y': 2.7867367841623956e-10, 'z': 3.502154102845675e-10, 'element': 'Ba'}, {'x': 2.7867367841623956e-10, 'y': 0.0, 'z': 2.0050813365895106e-10, 'element': 'Br'}, {'x': -1.7063841413953332e-26, 'y': 2.7867367841623956e-10, 'z': 4.999226869101838e-10, 'element': 'Br'}]}, 'natoms': 3, 'element': {'Ba': 1, 'Br': 2}}]"
